race_id,title,date,location,distance,price_eur,organizer
B101,Valencia Marathon,06/12/2026,València,42K,,Ayuntamiento de Valencia / SD Correcaminos
B102,Medio Maratón Valencia Trinidad Alfonso Zurich,25/10/2026,Valencia,21K,30,
B103,Behobia / San Sebastián,08/11/2026,Donostia,20 km,38,CD Fortuna
B104,San Silvestre Vallecana Popular,31/12/2026,Madrid,10K,27,
B105,San Silvestre Vallecana Internacional,31/12/2026,Madrid,10K,,
B106,Maratón de Sevilla,21/02/2027,Sevilla,Maratón,,
B107,Medio Maratón de Madrid,28/03/2027,Madrid,"21,1 km",35,
B108,Maratón de Madrid,25/04/2027,Madrid,42K,,
B109,Media Maratón Rock'n'Roll Madrid,25/04/2027,Madrid,Media,,
B110,Maratón de Barcelona,14/03/2027,Barcelona,"42,195 km",90,
B111,Marató de Barcelona,14/03/2027,"Barcelona, Cataluña",42K,,
B112,Media Maratón Granollers,07/02/2027,Granollers,21K,,
B113,Maratón Málaga,13/12/2026,Málaga,42K,,
B114,Maratón de La Coruña,16/05/2027,La Coruña,42K,,
B115,Media Maratón de Lérida,15/11/2026,Lérida,21K,,
B116,Maratón Gerona,08/03/2027,Gerona,42K,,
B117,Maratón de Zaragoza,11/04/2027,Zaragoza,42K,,
B118,10K Maratón de Zaragoza,11/04/2027,Zaragoza,10K,,
B119,Cursa dels Nassos,31/12/2025,Barcelona,10K,,
B120,Medio Maratón de Getafe,31/01/2027,Getafe,21K,,
B121,Maratón Nocturno de Bilbao,24/10/2026,Bilbo,42K,,
B122,Bilbao Night 10K,24/10/2026,Bilbao,10K,,
B123,Maratón Castellón,21/02/2027,Castelló de la Plana,42K,,
B124,Medio Maratón de Santa Pola,17/01/2027,"Santa Pola, Alicante",21K,,
B125,Maratón de Murcia,24/01/2027,Murcia,42K,,
B126,Media Maratón Vitoria,09/05/2027,Vitoria,21K,,
B127,Cursa Bombers Barcelona 10K,18/04/2027,Barcelona,10K,,
B128,Carrera de Navidad,25/12/2026,Oviedo,10K,,
