id,nombre,fecha,ciudad,provincia,distancia_km,url
A001,Maratón Valencia Trinidad Alfonso,2026-12-06,Valencia,Valencia,42.195,https://www.valenciaciudaddelrunning.com
A002,Medio Maratón Valencia,2026-10-25,Valencia,Valencia,21.097,
A003,Behobia-San Sebastián,2026-11-08,San Sebastián,Gipuzkoa,20,
A004,San Silvestre Vallecana,2026-12-31,Madrid,Madrid,10,
A005,Zurich Maratón de Sevilla,2027-02-21,Sevilla,Sevilla,42.195,
A006,EDP Medio Maratón de Madrid,2027-03-28,Madrid,Madrid,21.097,
A007,Zurich Rock 'n' Roll Running Series Madrid - Maratón,2027-04-25,Madrid,Madrid,42.195,
A008,Zurich Rock 'n' Roll Running Series Madrid - Medio Maratón,2027-04-25,Madrid,Madrid,21.097,
A009,Zurich Marató Barcelona,2027-03-14,Barcelona,Barcelona,42.195,
A010,Mitja Marató de Granollers,2027-02-07,Granollers,Barcelona,21.097,
A011,Generali Maratón de Málaga,2026-12-13,Málaga,Málaga,42.195,
A012,Maratón Coruña42,2027-05-16,A Coruña,A Coruña,42.195,
A013,Mitja Marató Lleida,2026-11-15,Lleida,Lleida,21.097,
A014,Marató de Girona,2027-03-07,Girona,Girona,42.195,
A015,Maratón Internacional de Zaragoza,2027-04-11,Zaragoza,Zaragoza,42.195,
A016,Cursa dels Nassos,2026-12-31,Barcelona,Barcelona,10,
A017,Media Maratón Ciudad de Getafe,,Getafe,Madrid,21.097,
A018,Bilbao Night Marathon,2026-10-24,Bilbao,Bizkaia,42.195,
A019,Maratón BP Castellón,2027-02-21,Castellón,Castellón,42.195,
A020,Mitja Marató Internacional Santa Pola,2027-01-17,Santa Pola,Alicante,21.097,
A021,Penyagolosa Trails CSP,2027-05-15,Castellón,Castellón,115,
A022,Carrera Popular Ciudad de Alcobendas,2027-06-06,Alcobendas,Madrid,10,
A023,Maratón Martín Fiz Vitoria-Gasteiz,2027-05-09,Vitoria-Gasteiz,Álava,42.195,
A024,Cursa de Bombers,2027-04-18,Barcelona,Barcelona,10,
A025,Maratón de Valencia,2026-12-06,Valencia,Valencia,"42,195",
A026,Carrera de Navidad,2026-12-25,Gijón,Asturias,10,
